File,FETCH score,n_tot,Dubious?,Numbername
FC114_A2_A02_002.fcs,0.2747491185245457,9456,no,0
FC114_C1_C01_025.fcs,0.021720430107526882,9062,no,1
